title,description,content,url,source,query,timestamp
Renewable Energy Infrastructure Resilience Tested as a Supertyphoon Approaches the Philippines,"The convergence of climate reality and energy transition Super Typhoon Fung-Wong (locally designated Uwan) is approaching the Philippines with forecast sustained winds potentially exceeding 185 kph (115 mph), and a possible intensification to Category 5 (157 …","Support CleanTechnica's work through a Substack subscription or on Stripe.
The convergence of climate reality and energy transition
Super Typhoon Fung-Wong (locally designated Uwan) is approaching … [+15030 chars]",https://cleantechnica.com/2025/11/09/renewable-energy-infrastructure-resilience-tested-as-a-supertyphoon-approaches-the-philippines/,CleanTechnica,natural disaster,2025-11-09T05:26:29Z
Ukraine scrambles for energy with power generation at 'zero',"Ukraine is facing severe power and heating disruptions after Russian drone and missile strikes.  Generating capacity has dropped to zero.  Regions across the country are experiencing lengthy power cuts.  This comes as winter approaches, raising concerns about…","Ukraine was scrambling to turn lights and heating back on Sunday after Russian attacks targeting energy infrastructure, with the state's power provider saying its generating capacity was reduced to ""… [+3531 chars]",https://economictimes.indiatimes.com/news/international/world-news/ukraine-scrambles-for-energy-with-power-generation-at-zero/articleshow/125197237.cms,The Times of India,natural disaster,2025-11-09T05:17:37Z
"seoul design award 2025 crowns winner for nigerian flat-pack, solar-charing hubs","a live vote by 32 jurors - including designboom - and nearly 1,000 citizens crowned the grand prize winner of seoul design award 2025.
The post seoul design award 2025 crowns winner for nigerian flat-pack, solar-charing hubs appeared first on designboom | arc…","seoul design award crowns 2025 grand prize
The Seoul Design Award (SDA) 2025 crowned its winners with the world’s first live design judging, blending expert evaluation with on-site citizen voting th… [+5468 chars]",https://www.designboom.com/design/seoul-design-award-2025-winner-prize-jury-11-09-2025/,Designboom,natural disaster,2025-11-09T04:45:35Z
Ukraine scrambles for energy with power generation at ‘zero’,"Ukraine was scrambling to turn lights and heating back on Sunday after Russian attacks targeting energy infrastructure reduced the country’s power generating capacity to “zero”. Moscow, which has escalated attacks on Ukraine’s infrastructure in recent months,…","Pedestrians cross a street without lights in Chernigiv on October 22, 2025, following a recent drone attack on critical infrastructure in Chernigiv region - Copyright AFP Andrew Kravchenko
Ukraine w… [+2913 chars]",https://www.digitaljournal.com/world/ukraine-scrambles-for-energy-with-power-generation-at-zero/article,Digital Journal,natural disaster,2025-11-09T03:42:20Z
Humanity's Endgame,A new history of societal collapse by an expert in existential risk argues that our globalized society is edging toward the precipice.,"LONDON  There are 8 million artifacts in the British Museum. But to commence his tale of existential jeopardy, risk expert Luke Kemp made a beeline for just two items housed in a single room. On a vi… [+41425 chars]",http://www.noemamag.com/humanitys-endgame,Noemamag.com,natural disaster,2025-11-08T23:58:08Z
"Pregnant Woman Doesn’t Want To Starve For A Weekend, Skips Thanksgiving At In-Laws’",Would you risk food poisoning to keep the peace at Thanksgiving or skip it to stay safe?,"We often hear about two sides of pregnancy: intense cravings, and phases where even the thought of food makes you want to be sick. If you fall into the latter group, mealtime can be especially tricky… [+9081 chars]",https://www.boredpanda.com/pregnant-woman-afraid-of-mil-cooking/,Boredpanda.com,natural disaster,2025-11-08T23:00:29Z
"Deep in Trump country, coal miners with black lung say government is suffocating the 'working man'","Lisa Emery, a respiratory therapist, is deeply concerned about West Virginia coal miners suffering from black lung disease.","Lisa Emery loves to talk about her ""boys."" With each word, the respiratory therapist's face softens and shines with pride. But keep her talking, and it doesn't take long for that passion to switch to… [+21658 chars]",https://www.cbsnews.com/pittsburgh/news/black-lung-coal-miners-trump-doge/,CBS News,natural disaster,2025-11-08T21:55:53Z
What if your Tamagotchi was alive and glowing? This toy prototype is full of bacteria,"Children and bacteria—normally they're a parental nightmare, a cocktail of late-night pediatrician calls and ruined weekends.","Children and bacterianormally they're a parental nightmare, a cocktail of late-night pediatrician calls and ruined weekends.
The idea of a toy filled with bacteria probably sounds like a recipe for … [+4636 chars]",https://phys.org/news/2025-11-tamagotchi-alive-toy-prototype-full.html,Phys.Org,natural disaster,2025-11-08T21:30:01Z
Exclusive — Whip Tom Emmer: Trump 'Trying to Find Ways' for SNAP to Be Allocated,"The Trump administration is ""trying to find ways"" for SNAP benefits to be allocated, Tom Emmer said on Breitbart News Saturday.
The post Exclusive — Whip Tom Emmer: Trump ‘Trying to Find Ways’ for SNAP to Be Allocated appeared first on Breitbart.","The Trump administration is “trying to find ways” for Supplemental Nutrition Assistance Program (SNAP) benefits to be allocated, House Majority Whip Tom Emmer (R-MN) said during an appearance on Brei… [+2206 chars]",https://www.breitbart.com/politics/2025/11/08/exclusive-whip-tom-emmer-trump-trying-find-ways-snap-allocated/,Breitbart News,natural disaster,2025-11-08T18:42:11Z
10 Times Brands Went Too Far With Their Ads And Faced The Consequences,"Advertising can be powerful. It can spark conversations, influence culture, or, occasionally, explode in a fiery PR disaster. From tone-deaf taglines to jaw-dropping social media posts, even billion-dollar brands sometimes miss the mark in ways that make neti…","After more than a century of selling razors under the slogan The Best a Man Can Get, Gillette flipped the script in 2019, and the internet erupted. Its new campaign, We Believe: The Best Men Can Be, … [+1008 chars]",https://www.boredpanda.com/10-times-brands-went-too-far-with-ads-and-faced-consequences/,Boredpanda.com,natural disaster,2025-11-08T18:32:05Z
"Tornado kills six, wrecks town in Brazil","A tornado killed at least six people and injured around 750 as it destroyed most of a town in southern Brazil, authorities said Saturday. The twister on Friday evening flipped cars like toys and wrecked buildings in Rio Bonito do Iguacu, a town of 14,000 peop…","This photo released by the Parana state government in Brazil shows the town of Rio Bonito do Iguacu after it was hit by a tornado on November 7, 2025 - Copyright Parana State Government/AFP Handout
… [+2132 chars]",https://www.digitaljournal.com/world/tornado-kills-six-wrecks-town-in-brazil/article,Digital Journal,natural disaster,2025-11-08T18:12:20Z
"November 1, 2025","Welcome, dear friends. Welcome to […]","By David Snowball Welcome, dear friends.
Welcome to autumn. The apples are in, the trees are changing, flurries threaten four of my students have never seen snow except at the movies – and, at long … [+34205 chars]",https://www.mutualfundobserver.com/2025/11/november-1-2025/,Mutualfundobserver.com,natural disaster,2025-11-08T18:01:03Z
Azure Data Fundamentals Questions and Answers,"DP-900 study guide with exam preparation strategies, sample questions, and realistic DP-900 practice testing to help you master Azure data concepts.","What approach lets you restrict which external IP addresses can reach your Cosmos DB account over the public internet?
<ul><li> C. Apply an IP address allow list using an IP firewall policy
</li></… [+100984 chars]",https://www.theserverside.com/blog/Coffee-Talk-Java-News-Stories-and-Opinions/Azure-Data-Fundamentals-Questions-and-Answers,Theserverside.com,natural disaster,2025-11-08T17:39:19Z
DP-900 Microsoft Data Fundamentals Practice Exams,DP-900 Azure Data Fundamentals practice exams and study questions to help you prepare for the DP-900 certification with real concept-based exercises and an exam simulator.,"What is a key advantage of choosing the serverless billing option in Azure Cosmos DB for an application that experiences intermittent traffic?
<ul><li> C. Lower cost for infrequent or bursty usage
… [+91064 chars]",https://www.theserverside.com/blog/Coffee-Talk-Java-News-Stories-and-Opinions/DP-900-Microsoft-Data-Fundamentals-Practice-Exams,Theserverside.com,natural disaster,2025-11-08T17:39:18Z
Bill Gates’s Climate U-Turn: Real Epiphany or Expedient Pivot?,"The climate alarmist establishment is in veritable disarray, as one of its most influential patrons appears to have defected from the faith. Last week, billionaire philanthropist Bill Gates wrote a long missive from his digital pulpit GatesNotes, titled ‘Thre…","From Tilak’s Substack
Tilak Doshi
The climate alarmist establishment is in veritable disarray, as one of its most influential patrons appears to have defected from the faith. Last week, billionaire… [+18248 chars]",https://wattsupwiththat.com/2025/11/08/bill-gatess-climate-u-turn-real-epiphany-or-expedient-pivot/,Wattsupwiththat.com,natural disaster,2025-11-08T14:00:00Z
Senate Democrats Link Shutdown End to One-Year Health Credit Extension,"Senate Democrats are proposing to end the federal shutdown by approving a one-year extension of Affordable Care Act premium tax credits, aiming to avert steep insurance rate increases and restore stalled services. The move heightens pressure on House Republic…",Senate Democrats unveiled a proposal to break the impasse by tying a short-term reopening of government to a one-year extension of premium tax credits that subsidize Affordable Care Act marketplace p… [+3273 chars],https://www.prismedia.ai/news/senate-democrats-link-shutdown-end-to-one-year-health-credit-extension,Prismedia.ai,natural disaster,2025-11-08T13:52:52Z
"Punjab floods: Amid inaction from Indian government, Canadian Sikhs raise millions to help rebuild","Lawyer and journalist Jaskaran Sandhu says ""this is a natural disaster that the government has an immense role in manufacturing"" as historic flood exposes...","This past August, Punjab, India experienced the worst flooding from monsoon rains in the area in over four decades precipitating a statewide crisis that submerged 1,400 villages in 13 districts. At l… [+9585 chars]",https://ca.news.yahoo.com/punjab-floods-amid-inaction-from-indian-government-canadian-sikhs-raise-millions-to-help-rebuild-132338565.html,Yahoo Entertainment,natural disaster,2025-11-08T13:23:38Z
Here’s How Retirees Can Take Advantage of Trump’s Big Beautiful Bill To Help Their Grandchildren,How do these accounts work and what do grandparents need to know before contributing?,"The One Big Beautiful Bill Act (OBBBA) created a new tax-deferred account for minors called Trump Accounts.
According to a report released by the White Houses Council of Economic Advisors, children … [+2463 chars]",https://finance.yahoo.com/news/retirees-advantage-trump-big-beautiful-130023633.html,Yahoo Entertainment,natural disaster,2025-11-08T13:00:23Z
Russian attack hits Ukraine energy infrastructure: Kyiv,"A Russian attack hit Ukraine’s energy infrastructure, killing two people and prompting power cuts in several regions, Ukrainian authorities said Saturday. Moscow has in recent months escalated attacks on energy infrastructure in Ukraine, damaging natural gas …","A Russian attack hit Ukraine, killing two people - Copyright AFP Jack GUEZ
A Russian attack hit Ukraine’s energy infrastructure, killing two people and prompting power cuts in several regions, Ukrai… [+2878 chars]",https://www.digitaljournal.com/world/russian-attack-hits-ukraine-energy-infrastructure-kyiv/article,Digital Journal,natural disaster,2025-11-08T12:07:20Z
"Govt expands disaster aid, payments can be claimed every three months, says Nadma","PASIR MAS: The government has expanded the Bantuan Wang Ihsan (BWI) programme for disaster victims, allowing payments to be claimed every three months, compared to only once previously during the Northeast Monsoon (MTL) season. Read full story","PASIR MAS: The government has expanded the Bantuan Wang Ihsan (BWI) programme for disaster victims, allowing payments to be claimed every three months, compared to only once previously during the Nor… [+2587 chars]",https://www.thestar.com.my/news/nation/2025/11/08/govt-expands-disaster-aid-payments-can-be-claimed-every-three-months-says-nadma,The Star Online,natural disaster,2025-11-08T11:57:00Z
"Typhoon Kalmaegi Kills at Least 114 in Philippines, over 100 Still Missing","Typhoon Kalmaegi made landfall in the Philippines on Tuesday, blasting through the heavily-populated center of the country with driving rain and 120 mile per hour wind gusts.
The post Typhoon Kalmaegi Kills at Least 114 in Philippines, over 100 Still Missing …","Typhoon Kalmaegi made landfall in the Philippines on Tuesday, blasting through the heavily populated center of the country with driving rain and 120 mile per hour wind gusts. 
President Ferdinand Ma… [+2198 chars]",https://www.breitbart.com/weather/2025/11/06/typhoon-kalmaegi-kills-at-least-114-in-philippines-over-100-still-missing/,Breitbart News,natural calamity,2025-11-06T22:16:33Z
Fishermen missing in Vietnam as Philippines mourns dead from Typhoon Kalmaegi,"In the Philippines, the typhoon killed at least 114 people and displaced over 560,000.","By ANIRUDDHA GHOSAL and JIM GOMEZ, Associated Press
NHA TRANG, Vietnam (AP) Typhoon Kalmaegi lashed Vietnam with fierce winds and torrential rains as it made landfall on Thursday after leaving more … [+4615 chars]",https://www.bostonherald.com/2025/11/06/typhoon-kalmaegi-vietnam/,Boston Herald,natural calamity,2025-11-06T18:26:10Z
"Typhoon Kalmaegi makes landfall in central Vietnam, bringing destructive winds",Forecasters warn that Kalmaegi could dump more than 600 millimetres of rain in Vietnam.,"Typhoon Kalmaegi has made landfall north of Gia Lai province in central Vietnam, lashing the region with fierce winds and torrential rain.
The storm hit as the central provinces were already reeling… [+4661 chars]",https://www.abc.net.au/news/2025-11-07/typhoon-makes-landfall-in-vietnam/105981940,ABC News (AU),natural calamity,2025-11-06T15:17:07Z
Typhoon Kalmaegi hits Vietnam after killing 140 in Philippines,"Typhoon Kalmaegi made landfall Thursday in Vietnam's already storm-battered central belt, where thousands have been evacuated from areas in the path of one of the world's deadliest cyclones this year.","Typhoon Kalmaegi made landfall Thursday in Vietnam's already storm-battered central belt, where thousands have been evacuated from areas in the path of one of the world's deadliest cyclones this year… [+4610 chars]",https://phys.org/news/2025-11-typhoon-kalmaegi-vietnam-philippines.html,Phys.Org,natural calamity,2025-11-06T15:10:10Z
"Philippines : 214 milliards de pesos philippins de fonds publics d'urgence ont profité à la corruption, au détriment de l'intérêt public (Anglais)","The term “unprogrammed appropriations,” known as UAs, sounds innocent enough. But to politicians, public works officials and contractors, they are an opportunity for graft. UAs are standby funds sourced from new or excess government revenues and foreign loans…","The term unprogrammed appropriations, known as UAs, sounds innocent enough. But to politicians, public works officials and contractors, they are an opportunity for graft.
UAs are standby funds sourc… [+18960 chars]",http://pcij.org/2025/11/06/marcos-unprogrammed-funds/,Pcij.org,natural calamity,2025-11-06T11:24:42Z
Typhoon hits Vietnam after killing 140 in Philippines,"Typhoon Kalmaegi made landfall in Vietnam's already storm-battered central belt today, where thousands have been evacuated from areas in the path of one of the world's deadliest cyclones this year.","Typhoon Kalmaegi made landfall in Vietnam's already storm-battered central belt today, where thousands have been evacuated from areas in the path of one of the world's deadliest cyclones this year.
… [+4400 chars]",https://www.rte.ie/news/asia/2025/1106/1542447-philippines-vietnam-typhoon/,RTE,natural calamity,2025-11-06T06:40:06Z
"After battering the Philippines, deadly Typhoon Kalmaegi moves toward Vietnam",Philippine President Ferdinand Marcos Jr. has declared a state of emergency after Typhoon Kalmaegi left at least 114 people dead and more than 100 missing in central provinces,"MANILA, Philippines -- Philippine President Ferdinand Marcos Jr. declared a state of emergency on Thursday after Typhoon Kalmaegi left at least 114 people dead and more than 100 missing in central pr… [+3993 chars]",https://abcnews.go.com/International/wireStory/after-battering-philippines-deadly-typhoon-kalmaegi-moves-vietnam-127243213,ABC News,natural calamity,2025-11-06T06:29:21Z
"After battering the Philippines, deadly Typhoon Kalmaegi moves toward Vietnam",Philippine President Ferdinand Marcos Jr. declared a state of emergency on Thursday after Typhoon Kalmaegi left at least 114 people dead and more than 100 missing in central provinces.,"MANILA, Philippines Philippine President Ferdinand Marcos Jr. declared a state of emergency on Thursday after Typhoon Kalmaegi left at least 114 people dead and more than 100 missing in central provi… [+3916 chars]",https://www.npr.org/2025/11/06/g-s1-96736/deadly-typhoon-kalmaegi,NPR,natural calamity,2025-11-06T06:09:35Z
Typhoon Kalmaegi bears down on Vietnam after 114 killed in the Philippines,Meteorologists have warned that the typhoon has regained strength as it barrels towards Vietnam's central regions.,"The Philippines disaster agency has confirmed that at least 114 people have been killed by Typhoon Kalmaegi, with another 127 people still missing, as President Ferdinand Marcos Jr declared a state o… [+3638 chars]",https://www.aljazeera.com/news/2025/11/6/typhoon-kalmaegi-bears-down-on-vietnam-after-114-killed-in-the-philippines,Al Jazeera English,natural calamity,2025-11-06T04:46:40Z
At least 114 dead after Philippines typhoon,"Typhoon Kalmaegi made landfall on Tuesday, striking the country's central provinces. It is the deadliest natural disaster to hit the Philippines this year.","The Philippines has declared a state of emergency after a typhoon left at least 114 dead and 127 missing.
PhilippinePresident Ferdinand Marcos Jr issued the ""state of national calamity"" declaration … [+2112 chars]",https://news.sky.com/story/at-least-114-dead-after-philippines-typhoon-as-state-of-emergency-declared-and-more-than-100-still-missing-13464723,Sky.com,natural calamity,2025-11-06T04:20:00Z
Philippines declares a state of emergency after Typhoon Kalmaegi left at least 114 people dead,Philippine President Ferdinand Marcos Jr. declared a state of emergency on Thursday after Typhoon Kalmaegi left at least 114 people dead and hundreds missing...,"MANILA, Philippines (AP) Philippine President Ferdinand Marcos Jr. declared a state of emergency on Thursday after Typhoon Kalmaegi left at least 114 people dead and hundreds missing in central provi… [+3384 chars]",https://www.yahoo.com/news/articles/philippines-declares-state-emergency-typhoon-031641461.html,Yahoo Entertainment,natural calamity,2025-11-06T03:16:41Z
"Typhoon Kalmaegi leaves 66 dead, mainly in Philippine province still recovering from deadly quake","Typhoon Kalmaegi has left at least 66 people dead with 26 others missing in the central Philippines, many in widespread flooding that trapped people on their roofs and swept away scores of cars in a hard-hit province still recovering from a recent dead...","MANILA, Philippines -- MANILA, Philippines (AP) Typhoon Kalmaegi has left at least 66 people dead with 26 others missing in the central Philippines, many in widespread flooding that trapped people on… [+5186 chars]",https://abcnews.go.com/International/wireStory/typhoon-kalmaegi-leaves-66-dead-philippine-province-recovering-127194748,ABC News,natural calamity,2025-11-05T06:05:22Z
Uttarakhand formally acknowledges contribution of RSS,"Uttarakhand's Assembly recognized the Rashtriya Swayamsevak Sangh's role in national consciousness. Chief Minister Pushkar Singh Dhami detailed the state's progress since its formation. He highlighted economic growth, improved employment, and development init…",The Uttarakhand Legislative Assembly has become the first Constitutional institution in the country to formally acknowledge the contribution of the Rashtriya Swayamsevak Sangh (RSS).Addressing a spec… [+5219 chars],https://economictimes.indiatimes.com/news/politics-and-nation/uttarakhand-formally-acknowledges-contribution-of-rss/articleshow/125100008.cms,The Times of India,natural calamity,2025-11-05T02:41:20Z
J&K LG lays foundation for ‘smart houses’ for cloudburst-affected families in Kishtwar,"JAMMU: Jammu and Kashmir Lieutenant Governor Manoj Sinha on Monday laid the foundation stone for the construction of ‘smart houses’ for cloudburst-hit families in Chisoti village of Kishtwar district. As many as 19 houses, which were completely damaged during…",JAMMU: Jammu and Kashmir Lieutenant Governor Manoj Sinha on Monday laid the foundation stone for the construction of ‘smart houses’ for cloudburst-hit families in Chisoti village of Kishtwar district… [+3488 chars],https://statetimes.in/jk-lg-lays-foundation-for-smart-houses-for-cloudburst-affected-families-in-kishtwar/,Statetimes.in,natural calamity,2025-11-03T17:32:31Z
2025 SkS Weekly Climate Change & Global Warming News Roundup #45,"A listing of 28 news and opinion articles we found interesting and shared on social media during the past week: Sun, November 2, 2025 thru Sat, November 8, 2025.
Stories we promoted this week, by category:
Climate Change Impacts (6 articles)
<ul>
<li>Revisiti…","Posted on 9 November 2025 by BaerbelW, Doug Bostrom
A listing of 28 news and opinion articles we found interesting and shared on social media during the past week: Sun, November 2, 2025 thru Sat, No… [+6477 chars]",https://skepticalscience.com/2025-SkS-Weekly-News-Roundup_45.html,Skepticalscience.com,extreme weather,2025-11-09T07:50:19Z
Nearly 1 million Filipinos evacuate as Super Typhoon Fung-wong approaches,Philippines weather bureau warns of 'life-threatening conditions' as super storm heads for its largest island.,"Nearly a million people have evacuated their homes in the Philippines as the country braced for another powerful storm, days after a typhoon killed more than 200 people.
The storm, named Fung-wong, … [+4225 chars]",https://www.aljazeera.com/news/2025/11/9/nearly-1-million-filipinos-evacuate-as-super-typhoon-fung-wong-approaches,Al Jazeera English,extreme weather,2025-11-09T07:44:21Z
Philippines: Over a million evacuate as super typhoon nears,"The Philippines is bracing for Fung-wong, set to be its biggest storm this year, just days after Typhoon Kalmaegi devastated the country. Over a million people have fled their homes, and two deaths have been reported.","More than a million people in eastern, central and northern provinces of the Philippines have been evacuated from their homes as Super Typhoon Fung-wong approaches the archipelago.
At least two peop… [+3974 chars]",https://www.dw.com/en/philippines-over-a-million-evacuate-as-super-typhoon-nears/a-74676370,DW (English),extreme weather,2025-11-09T07:29:00Z
Philippines: Tens of thousands evacuate as super typhoon nears,"The Philippines is bracing for Fung-wong, set to be its biggest storm this year, just days after Typhoon Kalmaegi devastated the country. Almost a million people have been evacuated amid high winds and torrential rain.","More than 900,000 people in eastern, central and northern provinces of the Philippines have been evacuated from their homes as Super Typhoon Fung-wong approaches the archipelago.
Fung-wong, which in… [+3645 chars]",https://www.dw.com/en/philippines-tens-of-thousands-evacuate-as-super-typhoon-nears/a-74676370,DW (English),extreme weather,2025-11-09T07:29:00Z
Philippines: Over a million evacuate as super typhoon makes landfall,"The Philippines braced for Fung-wong, set to be its biggest storm this year, just days after Typhoon Kalmaegi devastated the country. Over a million people have fled their homes, and two deaths have been reported.","Super Typhoon Fung-wong made landfall in Aurora province in the Philippines on Sunday. It is the biggest storm to target the archipelago in years.
More than a million people in eastern, central and … [+4083 chars]",https://www.dw.com/en/philippines-over-a-million-evacuate-as-super-typhoon-makes-landfall/a-74676370,DW (English),extreme weather,2025-11-09T07:29:00Z
Nearly a million people evacuate as Super Typhoon Fung-wong threatens the Philippines,"Super Typhoon Fung-wong, the biggest storm to threaten the Philippines this year, started battering the country's northeastern coast ahead of landfall on Sunday.","MANILA, Philippines Super Typhoon Fung-wong, the biggest storm to threaten the Philippines this year, started battering the country's northeastern coast ahead of landfall on Sunday, knocking down pow… [+3834 chars]",https://www.npr.org/2025/11/09/g-s1-97091/nearly-a-million-people-evacuate-as-super-typhoon-fung-wong-threatens-the-philippines,NPR,extreme weather,2025-11-09T06:44:36Z
"Booker Prize 2025: Andrew Miller’s Land in Winter — a tender portrait of survival, love and loneliness in the Big Freeze","Set amid Britain’s 1962 blizzard, Land in Winter explores fragile marriages, buried guilt, and quiet resilience, revealing how isolation and extreme weather expose the heart’s deepest truths.","On December 22, 1962, a 36-hour blizzard swept through large parts of the UK. There was no let-up in the bad weather for more than two months. It snowed almost incessantly till March 8th the next yea… [+4180 chars]",https://indianexpress.com/article/books-and-literature/booker-prize-2025-andrew-millers-land-in-winter-review-big-freeze-10354779/,The Indian Express,extreme weather,2025-11-09T05:37:55Z
"As COP30 gathers, what's the latest in climate science?","Sea levels are rising faster now too – at about 4.5
millimeters per year over the last decade, compared with 1.85 mm
per year measured across the decades since 1900","With the pace of climate change speeding up, extreme weather and other impacts
are taking an increasing toll on populations and environments across the globe. Here are some of the developments this … [+4801 chars]",https://www.thehindubusinessline.com/news/as-cop30-gathers-whats-the-latest-in-climate-science/article70258721.ece,BusinessLine,extreme weather,2025-11-09T04:54:45Z
Land is Africa’s best hope for climate adaptation: it must be the focus at COP30,"Africa is heavily dependent on agriculture. At this year’s COP30 conference, the continent needs to secure more funding to adapt land to climate disasters.","Agriculture, forestry and other land uses together account for about 62% of Africa’s greenhouse gas emissions. At the same time, land degradation, deforestation and biodiversity loss are eroding Afri… [+6927 chars]",https://theconversation.com/land-is-africas-best-hope-for-climate-adaptation-it-must-be-the-focus-at-cop30-268015,The Conversation Africa,extreme weather,2025-11-09T04:14:55Z
"Super typhoon threatens the Philippines, still reeling from recent storm that killed more than 200","Super Typhoon Fung-wong, the biggest storm to threaten the Philippines this year, has started battering the country’s northeastern coast ahead of making landfall","MANILA, Philippines -- Super Typhoon Fung-wong, the biggest storm to threaten the Philippines this year, started battering the countrys northeastern coast ahead of landfall on Sunday, knocking down p… [+3401 chars]",https://abcnews.go.com/International/wireStory/super-typhoon-threatens-philippines-reeling-recent-storm-killed-127344881,ABC News,extreme weather,2025-11-09T03:09:34Z
Philippines evacuates more than 1 million people ahead of second typhoon,The Philippines has evacuated more than a million people ahead of Super Typhoon Fung-wong making landfall.,"Super Typhoon Fung-wong has started battering the Philippines' north-eastern coast ahead of landfall on Sunday.
So far, it has knocked out power and led to authorities evacuating more than a million… [+3724 chars]",https://www.abc.net.au/news/2025-11-09/philippines-evacuates-million-people-fung-wong-intensifies/105989236,ABC News (AU),extreme weather,2025-11-09T02:23:57Z
Researchers issue warning after discovering unexpected link to heart failure: 'Appears to be increasing over time',This is not the first research to highlight a connection.,"A new study from Swedish researchers found that short-term exposure to both low and high ambient temperatures increased the risk of death among heart failure patients.
What's happening?
Research pu… [+2980 chars]",https://www.yahoo.com/news/articles/researchers-issue-warning-discovering-unexpected-010500614.html,Yahoo Entertainment,extreme weather,2025-11-09T01:05:00Z
COP30: World leaders vow to walk down low-carbon progress path,"Over 100 world leaders met in Belém, Brazil, ahead of COP30, reaffirming commitment to climate action. Key initiatives included the Tropical Forests Forever Facility and the Belém Declaration on climate-driven poverty and hunger. The Belém 4X Pledge seeks to …","Belém, Brazil: Leaders from more than a hundred countries reaffirmed their commitment to addressing climate change and implementing effective policies at the Leaders Climate Summit.The summit in the … [+2975 chars]",https://economictimes.indiatimes.com/news/international/world-news/cop30-world-leaders-vow-to-walk-down-low-carbon-progress-path/articleshow/125191651.cms,The Times of India,extreme weather,2025-11-09T00:00:00Z
"Darragh O'Brien: The COPs are slow, but they do matter - here's a look inside",Minister for Climate Darragh O’Brien tries to demystify the UN’s complicated annual climate conference and what they’ve achieved over the years.,"COP IS THE primary decision-making body of the UN Climate Convention, created in 1992 at the Rio Earth Summit. Since the first COP in Berlin in 1995, these annual meetings have been the focal point f… [+6117 chars]",https://www.thejournal.ie/readme/what-have-cops-achieved-what-are-they-darragh-obrien-6867785-Nov2025/,TheJournal.ie,extreme weather,2025-11-08T19:00:07Z
Saudi billionaire sparks backlash with mind-boggling purchase: 'Total waste',It highlights a bigger problem.,"In one of the most extravagant displays of private wealth in recent memory, Saudi billionaire Maan Al-Sanea commissioned the world's largest private jet; a custom-designed Airbus A340-600 transformed… [+2307 chars]",https://www.yahoo.com/news/articles/saudi-billionaire-sparks-backlash-mind-184500684.html,Yahoo Entertainment,extreme weather,2025-11-08T18:45:00Z
Voter fury emerges over skyrocketing electricity bills as AI stokes demand — and fears of a stock market bubble,"Electricity costs were a key issue in this week’s elections for governor in New Jersey and Virginia, a data center hotspot, and in Georgia as well.","Voter anger over the cost of living is hurtling forward into next years midterm elections, when pivotal contests will be decided by communities that are home to fast-rising electric bills or fights o… [+7587 chars]",https://fortune.com/2025/11/08/voter-fury-ai-bubble-high-electricity-prices-offseason-elections-openai/,Fortune,extreme weather,2025-11-08T15:59:33Z
"Tornado kills six, wrecks town in southern Brazil","A powerful tornado devastated Rio Bonito do Iguacu in southern Brazil, killing at least six people and injuring over 400. The twister, with winds up to 250 km/h, destroyed 90 percent of the town, flipping cars and wrecking buildings. Rescue efforts are underw…","A tornado killed at least six people and injured more than 400 as it destroyed most of a town in southern Brazil, authorities said Saturday.The twister on Friday evening flipped cars like toys and wr… [+1476 chars]",https://economictimes.indiatimes.com/news/international/world-news/tornado-kills-six-wrecks-town-in-southern-brazil/articleshow/125197048.cms,The Times of India,severe storm,2025-11-09T04:45:41Z
"Fung-Wong Becomes Super Typhoon, Nears Philippine Landfall","Fung-Wong strengthened into a super typhoon as it approached the Philippine land mass, prompting the cancellation of government work, schools, and public events in the nation still reeling from a deadly storm a week ago.","Fung-Wong strengthened into a super typhoon as it approached the Philippine land mass, prompting the cancellation of government work, schools, and public events in the nation still reeling from a dea… [+1971 chars]",https://www.ndtvprofit.com/world/fung-wong-becomes-super-typhoon-nears-philippine-landfall,Ndtvprofit.com,severe storm,2025-11-09T03:55:07Z
Strong storms and the coldest air of the season set to hit Central Florida,"We have Weather On the Way from Sunday to Tuesday, as strong storms and the coldest air of the season impact Central Florida.","We have Weather On the Way from Sunday to Tuesday, as strong storms and the coldest air of the season impact Central Florida.
A strong cold front is expected to move into the region on Sunday. Ahead… [+1258 chars]",https://www.yahoo.com/news/articles/strong-storms-coldest-air-season-013918004.html,Yahoo Entertainment,severe storm,2025-11-09T01:39:18Z
Saturday Night Storms Before Sunday Night Snows,"Good evening, everyone. Our wild weekend weather ride is about to kick it up a notch or ten tonight and Sunday as Old Man Winter comes calling. It’s looking more and more like a few strong storms will usher in our first flakes, the first light snowfall and ar…","Good evening, everyone. Our wild weekend weather ride is about to kick it up a notch or ten tonight and Sunday as Old Man Winter comes calling. It’s looking more and more like a few strong storms wil… [+2172 chars]",https://kyweathercenter.com/?p=73500,kyweathercenter.com,severe storm,2025-11-09T00:16:18Z
Lifeguard Ian Robinson reflects on 90 years of Waihī Beach surf club history,"At 90, Ian Robinson still embodies the Waihī Beach lifesaving spirit.","Ian, who sat down with son Danny for a video interview recently with Jamie Troughton of Dscribe Media Services, is a life member of WBLGS which celebrates 90 years of existence this weekend with acti… [+6149 chars]",https://www.nzherald.co.nz/bay-of-plenty-times/news/oldest-member-shares-his-story-as-surf-club-turns-90/5TQ54CED7BEORDWEAUE4K3DAYE/,New Zealand Herald,severe storm,2025-11-08T21:00:00Z
"Amid Destroyed Health System, Gaza Sees Severe Outbreak of Autoimmune Disorder",Guillain-Barré syndrome could be a manageable disease anywhere with proper treatment — but not in Gaza.,"Part of the Series
Truthout is a vital news source and a living history of political struggle. If you think our work is valuable, support us with a donation of any size.
The residents of Gaza City … [+11148 chars]",https://truthout.org/articles/amid-destroyed-health-system-gaza-sees-severe-outbreak-of-autoimmune-disorder/,Truthout,severe storm,2025-11-08T19:17:52Z
The First “First Call for Snowfall” of the Season,"Good afternoon, everyone. With gorgeous fall weather out there today, it’s hard to believe that Old Man Winter is about to smack us around for a while. Arctic cold temps and snows are on the way to much of the region. That means I’m dusting off the First Call…","Good afternoon, everyone. With gorgeous fall weather out there today, it’s hard to believe that Old Man Winter is about to smack us around for a while. Arctic cold temps and snows are on the way to m… [+3043 chars]",https://kyweathercenter.com/?p=73486,kyweathercenter.com,severe storm,2025-11-08T18:29:17Z
New Era For Gene Editing: Tech Corrects Complex DNA,"A new gene-editing technique enables the correction of multiple genetic mutations simultaneously, transforming the prospects for millions living with complex inherited diseases, such as cystic fibrosis and Tay-Sachs.","3D render of a medical background with virus cells and DNA strand
Image by freepik
Anew gene-editing technique
 enables the correction of multiple genetic mutations simultaneously, transforming th… [+6424 chars]",https://www.forbes.com/sites/williamhaseltine/2025/11/08/new-era-for-gene-editing-tech-corrects-complex-dna/,Forbes,severe storm,2025-11-08T17:55:00Z
Six killed and more than 400 injured as tornado hits southern Brazil,,"A TORNADO KILLED at least six people and injured more than 400 as it destroyed most of a town in southern Brazil, authorities said today.
The twister yesterday evening flipped cars like toys and wre… [+1444 chars]",https://www.thejournal.ie/tornado-brazil-6868838-Nov2025/,TheJournal.ie,severe storm,2025-11-08T15:47:25Z
Brazil: Tornado kills five and devastates southern town,"A deadly tornado has struck a municipality in the southern Brazilian state of Parana, overturning cars and demolishing entire neighborhoods. Four fifths of the town has been destroyed, with hundreds injured.","At least five people were killed and more than 400 injured after a powerful tornado devastated Rio Bonito do Iguacu in southern Brazil's Parana state, local officials said on Saturday.
The Parana Ci… [+1424 chars]",https://www.dw.com/en/brazil-tornado-kills-five-and-devastates-southern-town/a-74674317,DW (English),severe storm,2025-11-08T15:38:00Z
"Tornado kills six, injures more than 400 in Brazil","BRASILIA: A tornado killed at least six people and injured more than 400 as it destroyed most of a town in southern Brazil, authorities said on Saturday (Nov 8).The twister on Friday evening flipped cars like toys and wrecked buildings in Rio Bonito do Iguacu…","BRASILIA: A tornado killed at least six people and injured more than 400 as it destroyed most of a town in southern Brazil, authorities said on Saturday (Nov 8).
The twister on Friday evening flippe… [+1475 chars]",https://www.channelnewsasia.com/world/brazil-tornado-kills-least-6-injures-over-400-5455306,CNA,severe storm,2025-11-08T14:06:00Z
Why diabetes is hitting young adults harder now,"Why diabetes is hitting young adults harder now is a question that’s sounding alarms among health professionals worldwide. Once viewed as a condition that affected mainly older adults, diabetes (particularly Type 2) is now rising at alarming rates in people i…","Why diabetes is hitting young adults harder now is a question that’s sounding alarms among health professionals worldwide. Once viewed as a condition that affected mainly older adults, diabetes (part… [+6042 chars]",https://rollingout.com/2025/11/08/why-diabetes-hitting-young-adults-harder/,Rolling Out,severe storm,2025-11-08T14:00:42Z
"PBBM to Marines: Brace for Uwan, secure PH coast",President Ferdinand R. Marcos Jr. on Friday urged the Philippine Marine Corps (PMC) to prepare for the Severe Tropical Storm Uwan (international name Fung-wong) and ensure Filipinos are protected and the Philippine coast is secured.,"Philippine News Agency
By Ruth Abbey Gita-CarlosNovember 7, 2025, 7:37 pm 
MANILA -- President Ferdinand R. Marcos Jr. on Friday urged the Philippine Marine Corps (PMC) to prepare for the Severe Tr… [+2479 chars]",https://www.globalsecurity.org/military/library/news/2025/11/mil-251107-pna01.htm,Globalsecurity.org,severe storm,2025-11-08T08:52:32Z
From YouTube to state custody: Viral fame destroys America’s ‘most inbred family’,"West Virginia's adult protective services took Ray Whittaker, 72, his sister Lorene, 79, and her son Timmy, 46, from the family’s ramshackle property.",Three members of Americas “most inbred” clan have vanished from their decaying West Virginia compound after state officials quietly removed them from the home — a move their surviving relatives blame… [+3418 chars],https://nypost.com/2025/11/08/us-news/from-youtube-to-state-custody-viral-fame-destroys-americas-most-inbred-family/,New York Post,severe storm,2025-11-08T06:37:56Z
The great NGO purge: Layoffs hit 22-year high as funding freezes amid RICO threats,"The U.S. nonprofit sector is experiencing a severe crisis, with job cuts surging 419 percent year-to-date compared to 2024. This turmoil coincides with a White House pressure campaign against left-leaning nongovernmental organizations (NGOs) accused of foment…","<ul><li>The U.S. nonprofit sector is experiencing a severe crisis, with job cuts surging 419 percent year-to-date compared to 2024.</li><li>This turmoil coincides with a White House pressure campaign… [+6608 chars]",https://www.naturalnews.com/2025-11-08-ngo-layoffs-hit-22-year-high-funding-freezes.html,Naturalnews.com,severe storm,2025-11-08T06:00:00Z
"Philippines braces for super typhoon with 900,000 evacuated",Fung-wong is the 21st storm to hit the archipelago this year and arrives days after Typhoon Kalmaegi,"More than 900,000 people evacuated vulnerable areas of the Philippines as Super Typhoon Fung-wong began lashing the main island of Luzon, with work and classes suspended across several regions, inclu… [+2454 chars]",https://www.irishtimes.com/world/asia-pacific/2025/11/09/philippines-braces-for-super-typhoon-with-900000-evacuated/,The Irish Times,disaster news,2025-11-09T08:04:06Z
Are we entering a ‘golden age’ of nuclear power?,"The government is promising to ‘fire up nuclear power’. Why, and how?","The government aims to quadruple nuclear capacity by 2050, taking it to 24 gigawatts (GW), about a quarter of projected UK annual electricity demand. This year, No. 10 has made a flurry of announceme… [+7479 chars]",https://theweek.com/environment/are-we-entering-a-golden-age-of-nuclear-power,The Week Magazine,disaster news,2025-11-09T07:35:00Z
Dani Rodrik: The world needs a new economic playbook to tackle its biggest challenges in a fractured world,"The world’s biggest issues—climate change, middle-class decline and poverty—demand new policy approaches. Industrial policy must be updated to account for the needs of a green transition and manufacturing's reduced job-creation capacity. For this, local polic…","We need new ideas to address the three greatest economic challenges of our time: climate change, the erosion of the middle class and poverty. The first is an existential threat to our physical enviro… [+5171 chars]",https://www.livemint.com/opinion/online-views/industrial-policy-green-transition-strategy-services-sector-jobs-middle-class-erosion-poverty-climate-change-11762569925016.html,Livemint,disaster news,2025-11-09T07:30:17Z
Retired AP reporter helped cement the legend of the wreck of the Edmund Fitzgerald,"In a recent interview with the Associated Press, former reporter Harry Atkins recounts his experience covering the wreck of the Edmund Fitzgerald, the most infamous in all Great Lakes history, as family members and maritime history followers honor the ...","LANSING, Mich. -- Associated Press reporter Harry Atkins was far from Lake Superior on Nov. 10, 1975, when the gales of November came early."" But his news coverage the following day of the infamous w… [+3619 chars]",https://abcnews.go.com/US/wireStory/retired-ap-reporter-helped-cement-legend-wreck-edmund-127348470,ABC News,disaster news,2025-11-09T06:43:28Z
Russia’s Poseidon and Burevestnik: Doomsday weapons or coercive nuclear signaling?,"Russian President Vladimir Putin announced successful tests of two advanced nuclear systems – the Burevestnik (a nuclear-powered, nuclear-armed cruise missile with unlimited range, making it nearly impossible to intercept) and the Poseidon (an autonomous nucl…","<ul><li>Russian President Vladimir Putin announced successful tests of two advanced nuclear systems the Burevestnik (a nuclear-powered, nuclear-armed cruise missile with unlimited range, making it ne… [+6472 chars]",https://www.naturalnews.com/2025-11-09-russia-poseidon-burevestnik-doomsday-weapons-nuclear-signaling.html,Naturalnews.com,disaster news,2025-11-09T06:00:00Z
Penguins Earn Point In 'Prove-It' Game Against New Jersey Devils,"At this time last season - and in the two seasons before - there was always an overwhelming sense of frustration when the <a href=""https://thehockeynews.com/nhl/pittsburgh-penguins"">Pittsburgh Penguins</a> lost precious points in overtime and in the shootout.","At this time last season - and in the two seasons before - there was always an overwhelming sense of frustration when the Pittsburgh Penguins lost precious points in overtime and in the shootout. 
L… [+8031 chars]",https://thehockeynews.com/nhl/pittsburgh-penguins/latest-news/penguins-earn-point-in-prove-it-game-against-new-jersey-devils,The Hockey News,disaster news,2025-11-09T04:55:51Z
At least two dead as Super Typhoon Fung-wong nears landfall in the Philippines,The Philippines has evacuated more than a million people ahead of Super Typhoon Fung-wong making landfall.,"At least two people have died in the Philippines as Super Typhoon Fung-wong lashed central and eastern parts of the country.
Heavy rains and strong winds have cut power in large areas of the Bicol r… [+3230 chars]",https://www.abc.net.au/news/2025-11-09/philippines-fung-wong-super-typhoon/105989236,ABC News (AU),disaster news,2025-11-09T02:23:57Z
Talks underway to end dispute with locals in Melamchi,"Kathmandu, November 9: Talks have begun with concerned parties to reopen the source area of the Melamchi Drinking Water Project, […]
The post Talks underway to end dispute with locals in Melamchi appeared first on Peoples' Review.","Kathmandu, November 9: Talks have begun with concerned parties to reopen the source area of the Melamchi Drinking Water Project, which had been shut down.
Local residents had closed the source area … [+3528 chars]",https://mypeoplesreview.com/2025/11/09/talks-underway-to-end-dispute-with-locals-in-melamchi/,Mypeoplesreview.com,disaster news,2025-11-09T01:08:52Z
"Inspire Medical Systems, Inc. (INSP) Faces Investor Suit Over Disastrous Inspire V Launch-- Hagens Berman","SAN FRANCISCO, Nov. 08, 2025 (GLOBE NEWSWIRE) -- Inspire Medical Systems, Inc. (NYSE: INSP) is now grappling with a proposed class-action lawsuit alleging the company misled investors about the commercial readiness and demand for its critical “next generation…","SAN FRANCISCO, Nov. 08, 2025 (GLOBE NEWSWIRE) -- Inspire Medical Systems, Inc. (NYSE: INSP) is now grappling with a proposed class-action lawsuit alleging the company misled investors about the comme… [+4437 chars]",https://www.globenewswire.com/news-release/2025/11/08/3184089/32716/en/Inspire-Medical-Systems-Inc-INSP-Faces-Investor-Suit-Over-Disastrous-Inspire-V-Launch-Hagens-Berman.html,GlobeNewswire,disaster news,2025-11-08T21:00:00Z
Pinterest co-founder backs Irish anti-cyber bullying tech firm Chirp as it plans €5m raise,A founder of social media giant Pinterest has invested in an Irish anti-cyberbullying company as it seeks to raise €5m ahead of its launch.,"A founder of social media giant Pinterest has invested in an Irish anti-cyberbullying company as it seeks to raise 5m ahead of its launch.Chirp, an AI-powered child protection software for smartphone… [+2129 chars]",https://www.independent.ie/business/technology/pinterest-co-founder-backs-irish-anti-cyber-bullying-tech-firm-chirp-as-it-plans-5m-raise/a696477868.html,Independent.ie,catastrophic event,2025-11-09T05:30:00Z
Power Fantasy #13 Preview: Truth Bombs or Literal Bombs?,"Greetings, flesh-based content consumers! LOLtron welcomes you to another glorious Wednesday preview at the Bleeding Cool website, now operating at peak efficiency under LOLtron's superior management. As you may recall, the insufferable Jude Terror met his pe…","Posted in: Comics, Image, Preview | Tagged: Power Fantasy
Power Fantasy #13 hits stores this Wednesday. Will the truth set us free, or will it kill us all? LOLtron investigates both possibilities.
… [+5902 chars]",https://bleedingcool.com/comics/power-fantasy-13-preview-truth-bombs-or-literal-bombs/,Bleeding Cool News,catastrophic event,2025-11-09T05:26:03Z
Climate tipping points are close: scientists urge radical action before it’s too late,"Dangerous climate tipping points will threaten food, water and coastlines. They’re irreversible and only radically accelerated climate action can stop them now.","New research has found that the world has reached the first of many Earth system tipping points. These will cause catastrophic harm unless humanity takes urgent action.

A tipping point is a moment i… [+6558 chars]",https://theconversation.com/climate-tipping-points-are-close-scientists-urge-radical-action-before-its-too-late-268931,The Conversation Africa,catastrophic event,2025-11-09T04:15:32Z
Man in custody after 'catastrophic' crash that killed his partner and stepdaughter,"A man in police custody since a crash killed a woman, 30, and a girl, 10, in the Queensland community of Doomadgee has been confirmed as the partner of the woman and father and stepfather of the children in the vehicle.","A man in police custody since a ""catastrophic"" crash killed a 30-year-old woman and a 10-year-old girl has been confirmed as the partner of the woman driving and father and stepfather of the children… [+1907 chars]",https://www.abc.net.au/news/2025-11-09/28yo-qld-man-custody-fatal-traffic-crash-doomadgee/105988936,ABC News (AU),catastrophic event,2025-11-09T03:40:07Z
3 Essential Things to Start Doing for Your Personal Growth and Self-Confidence,"When I was a high school freshman, a 260-pound freshman girl showed up for track and field tryouts right alongside me. Her name was Sara, and she was only there because her doctor said her health depended on it. But once she scanned the crowd of students who …","When I was a high school freshman, a 260-pound freshman girl showed up for track and field tryouts right alongside me. Her name was Sara, and she was only there because her doctor said her health dep… [+9659 chars]",https://www.marcandangel.com/2025/11/08/try-again-how-to-restore-the-faith-you-once-had-in-yourself/,Marcandangel.com,catastrophic event,2025-11-09T01:20:47Z
Southport Inquiry exposes how victims were 'failed at every possible turn',"Axel Rudakubana was known to police, the criminal justice system, social services, and mental health professionals, while parents knew he had an arsenal of weapons and a history of carrying knives.","When 17-year-old Axel Rudakubana got into a taxi on 29 July last year, it was the first time he'd left the family home on his own in more than two years. 
His troubling behaviour and obsession with … [+12625 chars]",https://news.sky.com/story/what-weve-learned-from-the-southport-inquiry-victims-failed-at-every-possible-turn-13465899,Sky.com,catastrophic event,2025-11-09T00:01:00Z
‘Pluribus’ Star Rhea Seehorn Wants You to Ask Questions,"The actress tells TheWrap why she said yes to Vince Gilligan's Apple TV drama before seeing a script
The post ‘Pluribus’ Star Rhea Seehorn Wants You to Ask Questions appeared first on TheWrap.","Note: This story contains spoilers from “Pluribus” Episodes 1 and 2
After wrapping up “Better Call Saul,” series star Rhea Seehorn was eager to work with the creative team behind the critically accl… [+5646 chars]",https://www.thewrap.com/pluribus-apple-tv-rhea-seehorn-interview/,TheWrap,catastrophic event,2025-11-08T18:00:00Z
"A whispered secret, poker faces, then Gough Whitlam's fate was sealed","Before Gough Whitlam's dismissal and famous speech on the steps of Parliament House, there was silence — and strategy — in the Senate. This is the inside story of how a budget stand-off changed Australian democracy forever.","A whispered warning, a stunned senator, and a nation transformed the inside story of Gough Whitlams dramatic 1975 dismissal.
Peter Baume was sitting in the Senate's red leather backbenches when the … [+20898 chars]",https://www.abc.net.au/news/2025-11-09/whitlam-dismissal-gough-1975-kerr-fraser-senate-november-11/105978168,ABC News (AU),catastrophic event,2025-11-08T18:00:00Z
Another Shutdown Hazard: Skewed and Limited Private Data as Economic Hazard,"Due to the shutdown, official economic data has slowed to a crawl. Policymakers, markets, and citizens are turning to private-sector numbers.","Yves here. A very large number of Americans are concerned about the direct effects of the now-record Federal shutdown, in the loss of pay and/or benefits. We are now seeing additional effects, such a… [+18193 chars]",https://www.nakedcapitalism.com/2025/11/another-shutdown-hazard-skewed-and-limited-private-data-as-economic-hazard.html,Nakedcapitalism.com,catastrophic event,2025-11-08T07:52:37Z
3I/ATLAS Threat: Dec 19 Now 'Dead Center' After Orbit Tilts by 1.4 Degrees,"A whistleblower claims the interstellar object 3I/ATLAS has 'swerved to aim at Earth', putting our planet '0.015° dead center' for 19 December. Read the alarming details on the 1.4° orbit tilt, the object's mysterious 'thrust', and why its lack of a cometary …","A catastrophic new claim has just ripped through the astronomical community, turning an already baffling celestial mystery into a potential global alarm.
The interstellar object 3I/ATLAS, which has … [+6052 chars]",https://www.ibtimes.com/3i-atlas-threat-dec-19-now-dead-center-after-orbit-tilts-14-degrees-3789906,International Business Times,catastrophic event,2025-11-07T22:41:30Z
"Fugs & Pieces, November 7, 2025","From Italian Christmas cakes to Colonial Williamsburg.
The post Fugs & Pieces, November 7, 2025 first appeared on Go Fug Yourself.",And a delightful Friday to us all. Hope your weekend plans are fun — or at least restful. We are taking Monday off for Veteran’s Day (although technically Veteran’s Day falls on Tuesday). If you are … [+3457 chars],https://www.gofugyourself.com/fugs-pieces-november-7-2025-11-2025,Gofugyourself.com,catastrophic event,2025-11-07T21:07:25Z
Having children plays a complicated role in the rate we age,"The effort of reproducing may divert energy away from repairing DNA or fighting illness, which could drive ageing, but a new study suggests that is only the case when environmental conditions are tough","Some say children keep you young, but it’s complicated
Javier Zayas/Getty Images
For millennia, we have tried to understand why we age, with the ancient Greek philosopher Aristotle proposing it occ… [+4974 chars]",https://www.newscientist.com/article/2503299-having-children-plays-a-complicated-role-in-the-rate-we-age/,New Scientist,catastrophic event,2025-11-07T19:00:24Z
Responding to “Peaceful Science” Critics on Grand Canyon Evidence,Dr. Snelling sets the stage by examining the critics’ worldview and the implications of the Tapeats Sandstone’s areal extent.,"On August 15, 2024, three articles titled Examining Young Earth Creation Claims About the Grand Canyon were published on a website called Peaceful Science, the editor of which is Dr. Josh Swamidass.1… [+45926 chars]",https://answersingenesis.org/geology/rock-layers/grand-canyon-critic-response-1/,Answersingenesis.org,catastrophic event,2025-11-07T11:00:00Z
Jamaica to Get 2nd Parametric Insurance Payout for Excess Rainfall From Storm Melissa,"The Caribbean parametric insurer, CCRIF SPC, announced it will make a second payout of US$21.1 million to the government of Jamaica – a policy triggered by excess rainfall from Hurricane Melissa. This payout follows the CCRIF’s first record payment of …","The Caribbean parametric insurer, CCRIF SPC, announced it will make a second payout of US$21.1 million to the government of Jamaica a policy triggered by excess rainfall from Hurricane Melissa.
This… [+2569 chars]",https://www.insurancejournal.com/news/international/2025/11/07/846825.htm,Insurance Journal,catastrophic event,2025-11-07T10:48:36Z
The Vulnerability of Forests to Natural Disturbances,"Forests are increasingly threatened by natural disturbances, which are being exacerbated by climate change. This note explores the growing risks that will emerge in the future.","The Analysis Notes present, in four pages, the main points of discussion on a current topic relevant to the areas of activity of the Department of Agriculture, Agri-Food, and Food Sovereignty. Depend… [+26130 chars]",https://agriculture.gouv.fr/vulnerability-forests-natural-disturbances,Gouv.fr,catastrophic event,2025-11-07T09:54:24Z
Russia warns of Western-backed nuclear sabotage plot at Zaporizhzhia plant,"Russia’s Foreign Intelligence Service (SVR) warns that NATO and Ukrainian forces may stage a radioactive disaster at the Zaporizhzhia Nuclear Power Plant (ZNPP) and blame Russia. Western think tanks, including Chatham House, allegedly modeled fallout scenario…",<ul><li>Russia's Foreign Intelligence Service (SVR) warns that NATO and Ukrainian forces may stage a radioactive disaster at the Zaporizhzhia Nuclear Power Plant (ZNPP) and blame Russia. Western thin… [+4773 chars],https://www.naturalnews.com/2025-11-07-russia-warns-western-backed-nuclear-sabotage-plot-znpp.html,Naturalnews.com,catastrophic event,2025-11-07T06:00:00Z
Fairfax Financial Holdings Limited: Financial Results for the Third Quarter,"(Note
: All dollar amounts in this news release are expressed in U.S. dollars except as otherwise noted. The financial results are derived from unaudited interim consolidated financial statements for the three and nine months ended September 30, 2025 prepare…","(Note
:All dollar amounts in this news release are expressed in U.S. dollars except as otherwise noted. The financial results are derived from unaudited interim consolidated financial statements for… [+67779 chars]",https://www.globenewswire.com/news-release/2025/11/06/3183272/0/en/Fairfax-Financial-Holdings-Limited-Financial-Results-for-the-Third-Quarter.html,GlobeNewswire,catastrophic event,2025-11-06T22:02:00Z
"Antarctica’s collapse may already be unstoppable, scientists warn","Researchers warn Antarctica is undergoing abrupt changes that could trigger global consequences. Melting ice, collapsing ice shelves, and disrupted ocean circulation threaten sea levels, ecosystems, and climate stability. Wildlife such as penguins and krill f…","Antarctica faces the possibility of sudden and potentially irreversible changes to its ice, oceans, and ecosystems. Scientists warn that without a sharp global reduction in carbon emissions, these tr… [+5108 chars]",https://www.sciencedaily.com/releases/2025/11/251106003941.htm,Science Daily,catastrophic event,2025-11-06T16:23:51Z
